stock_id,date
1108,2026-08-06
1108,2026-08-07
1218,2026-08-06
1218,2026-08-07
1218,2026-08-10
1218,2026-08-11
1301,2026-06-11
1301,2026-06-12
1301,2026-06-15
1301,2026-06-16
1301,2026-06-17
1301,2026-06-18
1301,2026-06-22
1301,2026-06-23
1301,2026-06-24
1301,2026-06-25
1301,2026-06-26
1301,2026-06-29
1301,2026-06-30
1301,2026-07-01
1301,2026-07-02
1301,2026-07-03
1301,2026-07-06
1301,2026-07-07
1301,2026-07-08
1301,2026-07-09
1303,2026-05-20
1303,2026-05-21
1303,2026-05-22
1303,2026-05-25
1303,2026-05-26
1303,2026-05-27
1303,2026-05-28
1303,2026-05-29
1303,2026-06-01
1303,2026-06-02
1303,2026-06-03
1303,2026-06-04
1303,2026-06-05
1303,2026-06-08
1303,2026-06-09
1303,2026-06-10
1303,2026-06-11
1303,2026-06-12
1303,2026-06-15
1303,2026-06-16
1303,2026-06-17
1303,2026-06-18
1303,2026-06-22
1303,2026-06-23
1303,2026-06-24
1303,2026-06-25
1303,2026-06-26
1303,2026-06-29
1303,2026-06-30
1303,2026-07-01
1303,2026-07-02
1303,2026-07-03
1303,2026-07-06
1303,2026-07-07
1303,2026-07-08
1303,2026-07-09
1303,2026-07-13
1303,2026-07-14
1303,2026-07-15
1303,2026-07-16
1303,2026-07-17
1303,2026-07-20
1303,2026-07-21
1303,2026-07-22
1303,2026-07-23
1303,2026-07-24
1303,2026-07-27
1303,2026-07-28
1303,2026-07-29
1303,2026-07-30
1303,2026-07-31
1303,2026-08-03
1303,2026-08-04
1303,2026-08-05
1303,2026-08-06
1303,2026-08-07
1303,2026-08-10
1303,2026-08-11
1303,2026-08-12
1303,2026-08-13
1303,2026-08-14
1303,2026-08-17
1303,2026-08-18
1307,2026-08-14
1307,2026-08-17
1307,2026-08-18
1326,2026-06-22
1326,2026-06-23
1326,2026-06-24
1326,2026-06-25
1326,2026-06-26
1326,2026-06-29
1326,2026-06-30
1326,2026-07-01
1326,2026-07-02
1423,2026-08-06
1423,2026-08-07
1423,2026-08-10
1423,2026-08-11
1423,2026-08-12
1423,2026-08-13
1423,2026-08-14
1423,2026-08-17
1423,2026-08-18
1446,2026-08-06
1446,2026-08-07
1503,2026-05-25
1503,2026-05-26
1503,2026-05-27
1503,2026-05-28
1503,2026-05-29
1503,2026-06-01
1503,2026-06-02
1503,2026-06-03
1504,2026-05-22
1504,2026-05-25
1504,2026-05-26
1504,2026-05-27
1504,2026-05-28
1504,2026-05-29
1504,2026-06-01
1504,2026-06-02
1513,2026-05-22
1513,2026-05-25
1513,2026-05-26
1513,2026-05-27
1513,2026-05-28
1513,2026-05-29
1513,2026-06-01
1513,2026-06-02
1514,2026-05-25
1514,2026-05-26
1514,2026-05-27
1514,2026-05-28
1514,2026-05-29
1514,2026-06-01
1514,2026-06-02
1514,2026-06-03
1519,2026-05-22
1519,2026-05-25
1519,2026-05-26
1519,2026-05-27
1519,2026-05-28
1519,2026-05-29
1519,2026-06-01
1519,2026-06-02
1526,2026-07-06
1526,2026-07-07
1526,2026-07-08
1526,2026-07-09
1526,2026-07-13
1526,2026-07-14
1526,2026-07-15
1526,2026-07-16
1526,2026-07-17
1526,2026-07-20
1526,2026-07-21
1526,2026-07-22
1526,2026-07-23
1526,2026-07-24
1526,2026-07-27
1526,2026-07-28
1597,2026-08-07
1605,2026-07-29
1605,2026-07-30
1605,2026-07-31
1605,2026-08-03
1605,2026-08-04
1605,2026-08-05
1605,2026-08-06
1605,2026-08-07
1608,2026-08-06
1608,2026-08-07
1608,2026-08-10
1608,2026-08-11
1608,2026-08-12
1608,2026-08-13
1608,2026-08-14
1608,2026-08-17
1608,2026-08-18
1612,2026-08-07
1612,2026-08-10
1612,2026-08-11
1612,2026-08-12
1612,2026-08-13
1612,2026-08-14
1612,2026-08-17
1612,2026-08-18
1709,2026-08-12
1709,2026-08-13
1709,2026-08-14
1709,2026-08-17
1713,2026-08-18
1714,2026-08-12
1717,2026-07-31
1717,2026-08-03
1717,2026-08-04
1717,2026-08-05
1717,2026-08-06
1717,2026-08-07
1717,2026-08-10
1717,2026-08-11
1718,2026-06-15
1718,2026-06-16
1718,2026-06-17
1718,2026-06-18
1718,2026-06-22
1718,2026-06-23
1718,2026-06-24
1718,2026-06-25
1718,2026-08-11
1718,2026-08-12
1727,2026-08-17
1727,2026-08-18
1785,2026-06-01
1785,2026-06-02
1785,2026-06-03
1785,2026-06-04
1785,2026-06-05
1785,2026-06-08
1785,2026-06-09
1785,2026-06-10
1785,2026-08-04
1795,2026-08-04
1795,2026-08-06
1795,2026-08-07
1795,2026-08-10
1802,2026-06-17
1802,2026-06-18
1802,2026-06-22
1802,2026-06-23
1802,2026-06-24
1802,2026-06-25
1802,2026-06-26
1802,2026-06-29
1810,2026-07-01
1810,2026-07-02
1810,2026-07-03
1810,2026-07-06
1810,2026-07-07
1810,2026-07-08
1810,2026-07-09
1810,2026-07-13
1810,2026-08-04
1810,2026-08-05
1810,2026-08-06
1810,2026-08-07
1810,2026-08-10
1810,2026-08-11
1810,2026-08-12
1810,2026-08-13
1810,2026-08-14
1815,2026-08-07
1815,2026-08-17
2006,2026-08-06
2010,2026-08-06
2010,2026-08-07
2010,2026-08-10
2010,2026-08-11
2010,2026-08-12
2010,2026-08-13
2010,2026-08-14
2010,2026-08-17
2010,2026-08-18
2020,2026-08-10
2020,2026-08-11
2020,2026-08-12
2020,2026-08-13
2020,2026-08-14
2020,2026-08-17
2025,2026-08-10
2025,2026-08-11
2025,2026-08-12
2025,2026-08-13
2025,2026-08-14
2025,2026-08-17
2025,2026-08-18
2030,2026-08-12
2031,2026-07-28
2031,2026-07-29
2031,2026-07-30
2031,2026-07-31
2031,2026-08-03
2031,2026-08-04
2031,2026-08-05
2031,2026-08-06
2031,2026-08-13
2031,2026-08-14
2031,2026-08-17
2031,2026-08-18
2033,2026-08-07
2049,2026-07-24
2049,2026-07-27
2049,2026-07-28
2049,2026-07-29
2049,2026-07-30
2049,2026-07-31
2049,2026-08-03
2049,2026-08-04
2049,2026-08-06
2049,2026-08-07
2059,2026-05-27
2059,2026-05-28
2059,2026-05-29
2059,2026-06-01
2059,2026-06-02
2059,2026-06-03
2059,2026-06-04
2059,2026-06-05
2059,2026-06-08
2059,2026-07-23
2059,2026-07-24
2059,2026-07-27
2059,2026-07-28
2059,2026-07-29
2059,2026-07-30
2059,2026-07-31
2059,2026-08-03
2059,2026-08-04
2059,2026-08-05
2059,2026-08-06
2059,2026-08-07
2059,2026-08-10
2059,2026-08-11
2059,2026-08-12
2059,2026-08-13
2059,2026-08-14
2059,2026-08-17
2070,2026-08-06
2070,2026-08-07
2070,2026-08-10
2070,2026-08-11
2070,2026-08-12
2070,2026-08-13
2070,2026-08-14
2070,2026-08-17
2070,2026-08-18
2103,2026-07-28
2103,2026-07-29
2103,2026-07-30
2103,2026-07-31
2103,2026-08-03
2103,2026-08-04
2103,2026-08-05
2103,2026-08-06
2103,2026-08-07
2103,2026-08-13
2103,2026-08-14
2103,2026-08-17
2204,2026-08-12
2204,2026-08-13
2204,2026-08-14
2204,2026-08-17
2204,2026-08-18
2241,2026-08-04
2241,2026-08-06
2241,2026-08-07
2301,2026-05-22
2301,2026-05-25
2301,2026-05-26
2301,2026-05-27
2301,2026-05-28
2301,2026-05-29
2301,2026-06-01
2301,2026-06-02
2301,2026-07-23
2301,2026-07-24
2301,2026-07-27
2301,2026-07-28
2301,2026-07-29
2301,2026-07-30
2301,2026-07-31
2301,2026-08-03
2301,2026-08-04
2301,2026-08-05
2301,2026-08-06
2301,2026-08-07
2301,2026-08-12
2302,2026-08-18
2303,2026-07-02
2303,2026-07-03
2303,2026-07-06
2303,2026-07-07
2303,2026-07-08
2303,2026-07-09
2303,2026-07-13
2303,2026-07-14
2305,2026-08-04
2305,2026-08-06
2305,2026-08-07
2305,2026-08-10
2305,2026-08-11
2305,2026-08-12
2305,2026-08-13
2305,2026-08-14
2305,2026-08-17
2305,2026-08-18
2308,2026-07-29
2308,2026-07-30
2308,2026-07-31
2308,2026-08-03
2308,2026-08-04
2308,2026-08-05
2308,2026-08-06
2308,2026-08-07
2312,2026-06-11
2312,2026-06-12
2312,2026-06-15
2312,2026-06-16
2312,2026-06-17
2312,2026-06-18
2312,2026-06-22
2312,2026-06-23
2313,2026-05-28
2313,2026-05-29
2313,2026-06-01
2313,2026-06-02
2313,2026-06-03
2313,2026-06-04
2313,2026-06-05
2313,2026-06-08
2313,2026-07-02
2313,2026-07-03
2313,2026-07-06
2313,2026-07-07
2313,2026-07-08
2313,2026-07-09
2313,2026-07-13
2313,2026-07-14
2313,2026-07-24
2313,2026-07-27
2313,2026-07-28
2313,2026-07-29
2313,2026-07-30
2313,2026-07-31
2313,2026-08-03
2313,2026-08-04
2317,2026-07-21
2317,2026-07-22
2317,2026-07-23
2317,2026-07-24
2317,2026-07-27
2317,2026-07-28
2317,2026-07-29
2317,2026-07-30
2324,2026-07-31
2324,2026-08-03
2324,2026-08-04
2324,2026-08-05
2324,2026-08-06
2324,2026-08-07
2324,2026-08-10
2324,2026-08-11
2324,2026-08-12
2324,2026-08-13
2324,2026-08-14
2327,2026-05-28
2327,2026-05-29
2327,2026-06-01
2327,2026-06-02
2327,2026-06-03
2327,2026-06-04
2327,2026-06-05
2327,2026-06-08
2327,2026-06-09
2327,2026-06-10
2327,2026-06-11
2327,2026-06-12
2327,2026-06-15
2327,2026-06-16
2327,2026-06-17
2327,2026-06-18
2327,2026-06-22
2327,2026-06-23
2327,2026-06-24
2327,2026-06-25
2327,2026-06-26
2327,2026-06-29
2327,2026-07-22
2327,2026-07-23
2327,2026-07-24
2327,2026-07-27
2327,2026-07-28
2327,2026-07-29
2327,2026-07-30
2327,2026-07-31
2327,2026-08-03
2327,2026-08-04
2327,2026-08-05
2327,2026-08-06
2327,2026-08-07
2327,2026-08-10
2327,2026-08-11
2327,2026-08-12
2327,2026-08-13
2330,2026-06-30
2330,2026-07-01
2330,2026-07-02
2330,2026-07-03
2330,2026-07-06
2330,2026-07-07
2330,2026-07-08
2330,2026-07-09
2330,2026-07-13
2330,2026-07-14
2330,2026-07-15
2330,2026-07-16
2330,2026-07-17
2330,2026-07-20
2330,2026-07-21
2330,2026-07-22
2330,2026-07-23
2330,2026-07-24
2330,2026-07-27
2330,2026-07-28
2330,2026-07-29
2330,2026-07-30
2330,2026-07-31
2330,2026-08-03
2330,2026-08-04
2330,2026-08-05
2330,2026-08-06
2330,2026-08-07
2330,2026-08-10
2330,2026-08-11
2332,2026-07-15
2332,2026-07-16
2332,2026-07-17
2332,2026-07-20
2332,2026-07-21
2332,2026-07-22
2332,2026-07-23
2332,2026-07-24
2332,2026-08-04
2332,2026-08-06
2332,2026-08-07
2332,2026-08-10
2332,2026-08-11
2332,2026-08-12
2332,2026-08-13
2332,2026-08-14
2337,2026-06-09
2337,2026-06-10
2337,2026-06-11
2337,2026-06-12
2337,2026-06-15
2337,2026-06-16
2337,2026-06-17
2337,2026-06-18
2337,2026-07-29
2337,2026-07-30
2337,2026-07-31
2337,2026-08-03
2337,2026-08-04
2337,2026-08-05
2337,2026-08-06
2337,2026-08-07
2337,2026-08-10
2337,2026-08-17
2342,2026-08-11
2344,2026-05-21
2344,2026-05-22
2344,2026-05-25
2344,2026-05-26
2344,2026-05-27
2344,2026-05-28
2344,2026-05-29
2344,2026-06-01
2344,2026-06-02
2344,2026-06-03
2344,2026-06-04
2344,2026-06-05
2344,2026-06-08
2344,2026-06-09
2344,2026-06-10
2344,2026-06-11
2344,2026-06-12
2344,2026-06-15
2344,2026-06-16
2344,2026-06-17
2344,2026-07-02
2344,2026-07-03
2344,2026-07-06
2344,2026-07-07
2344,2026-07-08
2344,2026-07-09
2344,2026-07-13
2344,2026-07-14
2344,2026-07-15
2344,2026-07-16
2344,2026-07-17
2344,2026-07-20
2344,2026-07-21
2344,2026-07-22
2344,2026-07-23
2344,2026-07-24
2344,2026-07-27
2344,2026-07-28
2344,2026-07-29
2344,2026-07-30
2344,2026-07-31
2344,2026-08-03
2344,2026-08-04
2344,2026-08-05
2344,2026-08-06
2344,2026-08-07
2344,2026-08-10
2344,2026-08-11
2344,2026-08-12
2344,2026-08-13
2344,2026-08-14
2344,2026-08-17
2344,2026-08-18
2347,2026-08-04
2347,2026-08-06
2347,2026-08-07
2347,2026-08-10
2347,2026-08-14
2351,2026-06-11
2351,2026-06-12
2351,2026-06-15
2351,2026-06-16
2351,2026-06-17
2351,2026-06-18
2351,2026-06-22
2351,2026-06-23
2351,2026-06-24
2351,2026-06-25
2351,2026-06-26
2351,2026-06-29
2351,2026-06-30
2351,2026-07-01
2351,2026-07-02
2351,2026-07-03
2351,2026-08-10
2351,2026-08-11
2352,2026-06-24
2352,2026-06-25
2352,2026-06-26
2352,2026-06-29
2352,2026-06-30
2352,2026-07-01
2352,2026-07-02
2352,2026-07-03
2353,2026-05-21
2353,2026-05-22
2353,2026-05-25
2353,2026-05-26
2353,2026-05-27
2353,2026-05-28
2353,2026-05-29
2353,2026-06-01
2357,2026-05-21
2357,2026-05-22
2357,2026-05-25
2357,2026-05-26
2357,2026-05-27
2357,2026-05-28
2357,2026-05-29
2357,2026-06-01
2357,2026-08-03
2357,2026-08-04
2357,2026-08-05
2357,2026-08-06
2357,2026-08-07
2357,2026-08-10
2357,2026-08-11
2357,2026-08-12
2357,2026-08-13
2359,2026-08-03
2359,2026-08-04
2359,2026-08-05
2359,2026-08-06
2359,2026-08-07
2359,2026-08-10
2359,2026-08-11
2359,2026-08-12
2359,2026-08-13
2359,2026-08-14
2359,2026-08-17
2359,2026-08-18
2360,2026-07-08
2360,2026-07-09
2360,2026-07-13
2360,2026-07-14
2360,2026-07-15
2360,2026-07-16
2360,2026-07-17
2360,2026-07-20
2360,2026-08-10
2360,2026-08-11
2360,2026-08-12
2360,2026-08-13
2360,2026-08-14
2360,2026-08-17
2360,2026-08-18
2363,2026-06-12
2363,2026-06-15
2363,2026-06-16
2363,2026-06-17
2363,2026-06-18
2363,2026-06-22
2363,2026-06-23
2363,2026-06-24
2368,2026-05-28
2368,2026-05-29
2368,2026-06-01
2368,2026-06-02
2368,2026-06-03
2368,2026-06-04
2368,2026-06-05
2368,2026-06-08
2368,2026-08-12
2369,2026-06-10
2369,2026-06-11
2369,2026-06-12
2369,2026-06-15
2369,2026-06-16
2369,2026-06-17
2369,2026-06-18
2369,2026-06-22
2375,2026-06-18
2375,2026-06-22
2375,2026-06-23
2375,2026-06-24
2375,2026-06-25
2375,2026-06-26
2375,2026-06-29
2375,2026-06-30
2377,2026-07-31
2377,2026-08-03
2377,2026-08-04
2377,2026-08-05
2377,2026-08-06
2377,2026-08-07
2377,2026-08-10
2377,2026-08-11
2382,2026-05-20
2382,2026-05-21
2382,2026-05-22
2382,2026-05-25
2382,2026-05-26
2382,2026-05-27
2382,2026-05-28
2382,2026-05-29
2387,2026-08-06
2387,2026-08-07
2387,2026-08-10
2387,2026-08-11
2387,2026-08-12
2387,2026-08-13
2388,2026-07-07
2388,2026-07-08
2388,2026-07-09
2388,2026-07-13
2388,2026-07-14
2388,2026-07-15
2388,2026-07-16
2388,2026-07-17
2392,2026-08-04
2392,2026-08-05
2392,2026-08-06
2392,2026-08-07
2392,2026-08-10
2392,2026-08-11
2392,2026-08-12
2392,2026-08-13
2392,2026-08-14
2395,2026-06-26
2395,2026-06-29
2395,2026-06-30
2395,2026-07-01
2395,2026-07-02
2395,2026-07-03
2395,2026-07-06
2395,2026-07-07
2395,2026-07-24
2395,2026-07-27
2395,2026-07-28
2395,2026-07-29
2395,2026-07-30
2395,2026-07-31
2395,2026-08-03
2395,2026-08-04
2399,2026-08-07
2404,2026-06-02
2404,2026-06-03
2404,2026-06-04
2404,2026-06-05
2404,2026-06-08
2404,2026-06-09
2404,2026-06-10
2404,2026-06-11
2406,2026-06-01
2406,2026-06-02
2406,2026-06-03
2406,2026-06-04
2406,2026-06-05
2406,2026-06-08
2406,2026-06-09
2406,2026-06-10
2408,2026-05-20
2408,2026-05-21
2408,2026-05-22
2408,2026-05-25
2408,2026-05-26
2408,2026-05-27
2408,2026-05-28
2408,2026-05-29
2408,2026-06-01
2408,2026-06-02
2408,2026-06-03
2408,2026-06-04
2408,2026-06-05
2408,2026-06-08
2408,2026-06-09
2408,2026-06-10
2408,2026-06-11
2408,2026-06-12
2408,2026-06-15
2408,2026-06-16
2408,2026-06-17
2408,2026-06-18
2408,2026-06-29
2408,2026-06-30
2408,2026-07-01
2408,2026-07-02
2408,2026-07-03
2408,2026-07-06
2408,2026-07-07
2408,2026-07-08
2408,2026-07-09
2408,2026-07-13
2408,2026-07-14
2408,2026-07-15
2408,2026-07-16
2408,2026-07-17
2408,2026-07-20
2408,2026-07-21
2408,2026-07-22
2408,2026-07-23
2408,2026-07-24
2408,2026-07-27
2408,2026-07-28
2408,2026-07-29
2408,2026-07-30
2408,2026-07-31
2408,2026-08-03
2408,2026-08-04
2408,2026-08-05
2408,2026-08-06
2408,2026-08-07
2408,2026-08-13
2409,2026-05-21
2409,2026-05-22
2409,2026-05-25
2409,2026-05-26
2409,2026-05-27
2409,2026-05-28
2409,2026-05-29
2409,2026-06-01
2409,2026-06-02
2409,2026-06-05
2409,2026-06-08
2409,2026-06-09
2409,2026-06-10
2409,2026-06-11
2409,2026-06-12
2409,2026-06-15
2409,2026-06-16
2409,2026-06-17
2409,2026-06-18
2409,2026-06-22
2409,2026-06-23
2409,2026-06-24
2409,2026-06-25
2409,2026-06-26
2409,2026-07-29
2409,2026-07-30
2409,2026-07-31
2409,2026-08-03
2409,2026-08-04
2409,2026-08-05
2409,2026-08-06
2409,2026-08-07
2409,2026-08-10
2413,2026-05-29
2413,2026-06-01
2413,2026-06-02
2413,2026-06-03
2413,2026-06-04
2413,2026-06-05
2413,2026-06-08
2413,2026-06-09
2425,2026-07-28
2425,2026-07-29
2425,2026-07-30
2425,2026-07-31
2425,2026-08-03
2425,2026-08-04
2425,2026-08-05
2425,2026-08-06
2426,2026-08-05
2426,2026-08-06
2426,2026-08-07
2426,2026-08-10
2426,2026-08-11
2426,2026-08-12
2426,2026-08-13
2426,2026-08-14
2426,2026-08-17
2426,2026-08-18
2436,2026-08-10
2436,2026-08-11
2436,2026-08-12
2449,2026-06-08
2449,2026-06-09
2449,2026-06-10
2449,2026-06-11
2449,2026-06-12
2449,2026-06-15
2449,2026-06-16
2449,2026-06-17
2449,2026-06-18
2449,2026-06-22
2449,2026-06-23
2449,2026-06-24
2449,2026-06-25
2449,2026-06-26
2449,2026-06-29
2451,2026-08-04
2454,2026-05-28
2454,2026-05-29
2454,2026-06-01
2454,2026-06-02
2454,2026-06-03
2454,2026-06-04
2454,2026-06-05
2454,2026-06-08
2454,2026-07-08
2454,2026-07-09
2454,2026-07-13
2454,2026-07-14
2454,2026-07-15
2454,2026-07-16
2454,2026-07-17
2454,2026-07-20
2454,2026-07-21
2454,2026-07-22
2454,2026-07-23
2454,2026-07-24
2454,2026-07-27
2454,2026-07-28
2454,2026-07-29
2454,2026-07-30
2454,2026-07-31
2454,2026-08-10
2455,2026-06-04
2455,2026-06-05
2455,2026-06-08
2455,2026-06-09
2455,2026-06-10
2455,2026-06-11
2455,2026-06-12
2455,2026-06-15
2455,2026-07-24
2455,2026-07-27
2455,2026-07-28
2455,2026-07-29
2455,2026-07-30
2455,2026-07-31
2455,2026-08-03
2455,2026-08-04
2455,2026-08-05
2455,2026-08-06
2455,2026-08-07
2455,2026-08-10
2455,2026-08-11
2455,2026-08-12
2455,2026-08-13
2455,2026-08-14
2455,2026-08-17
2464,2026-06-18
2464,2026-06-22
2464,2026-06-23
2464,2026-06-24
2464,2026-06-25
2464,2026-06-26
2464,2026-06-29
2464,2026-06-30
2464,2026-08-04
2464,2026-08-06
2464,2026-08-07
2464,2026-08-10
2464,2026-08-11
2464,2026-08-14
2464,2026-08-17
2464,2026-08-18
2465,2026-08-10
2465,2026-08-11
2465,2026-08-12
2465,2026-08-13
2465,2026-08-14
2465,2026-08-17
2465,2026-08-18
2467,2026-08-05
2467,2026-08-06
2467,2026-08-07
2467,2026-08-10
2467,2026-08-11
2467,2026-08-12
2467,2026-08-13
2467,2026-08-14
2467,2026-08-17
2472,2026-06-12
2472,2026-06-15
2472,2026-06-16
2472,2026-06-17
2472,2026-06-18
2472,2026-06-22
2472,2026-06-23
2472,2026-06-24
2472,2026-06-25
2472,2026-06-26
2472,2026-06-29
2478,2026-06-04
2478,2026-06-05
2478,2026-06-08
2478,2026-06-09
2478,2026-06-10
2478,2026-06-11
2478,2026-06-12
2478,2026-06-15
2478,2026-08-07
2478,2026-08-10
2478,2026-08-11
2478,2026-08-12
2478,2026-08-13
2478,2026-08-14
2478,2026-08-17
2478,2026-08-18
2481,2026-06-10
2481,2026-06-11
2481,2026-06-12
2481,2026-06-15
2481,2026-06-16
2481,2026-06-17
2481,2026-06-18
2481,2026-06-22
2481,2026-06-23
2481,2026-06-24
2481,2026-06-25
2481,2026-06-26
2481,2026-06-29
2481,2026-06-30
2481,2026-07-01
2481,2026-07-02
2481,2026-07-03
2481,2026-08-11
2481,2026-08-17
2481,2026-08-18
2483,2026-06-15
2483,2026-06-16
2483,2026-06-17
2483,2026-06-18
2483,2026-06-22
2483,2026-06-23
2483,2026-06-24
2483,2026-06-25
2484,2026-06-11
2484,2026-06-12
2484,2026-06-15
2484,2026-06-16
2484,2026-06-17
2484,2026-06-18
2484,2026-06-22
2484,2026-06-23
2484,2026-06-24
2484,2026-06-25
2484,2026-06-26
2484,2026-06-29
2484,2026-06-30
2484,2026-07-01
2484,2026-07-02
2484,2026-07-03
2484,2026-07-06
2484,2026-07-07
2484,2026-07-08
2484,2026-07-09
2484,2026-07-13
2484,2026-07-14
2484,2026-07-15
2484,2026-08-04
2484,2026-08-06
2484,2026-08-07
2484,2026-08-10
2484,2026-08-11
2492,2026-06-04
2492,2026-06-05
2492,2026-06-08
2492,2026-06-09
2492,2026-06-10
2492,2026-06-11
2492,2026-06-12
2492,2026-06-15
2492,2026-06-16
2492,2026-06-17
2492,2026-06-18
2492,2026-08-03
2492,2026-08-04
2492,2026-08-05
2492,2026-08-06
2492,2026-08-07
2492,2026-08-10
2492,2026-08-11
2492,2026-08-12
2492,2026-08-13
2492,2026-08-18
2493,2026-05-25
2493,2026-05-26
2493,2026-05-27
2493,2026-05-28
2493,2026-05-29
2493,2026-06-01
2493,2026-06-02
2493,2026-06-03
2493,2026-07-30
2493,2026-07-31
2493,2026-08-03
2493,2026-08-04
2493,2026-08-05
2493,2026-08-06
2493,2026-08-07
2493,2026-08-10
2493,2026-08-11
2493,2026-08-12
2496,2026-08-06
2496,2026-08-07
2496,2026-08-10
2496,2026-08-11
2496,2026-08-12
2496,2026-08-13
2496,2026-08-14
2496,2026-08-17
2496,2026-08-18
2542,2026-08-12
2542,2026-08-13
2542,2026-08-14
2542,2026-08-17
2542,2026-08-18
2546,2026-08-07
2546,2026-08-10
2546,2026-08-11
2546,2026-08-12
2546,2026-08-13
2546,2026-08-14
2548,2026-08-06
2548,2026-08-07
2548,2026-08-10
2601,2026-08-06
2601,2026-08-07
2601,2026-08-10
2601,2026-08-11
2601,2026-08-12
2601,2026-08-13
2601,2026-08-14
2601,2026-08-17
2601,2026-08-18
2615,2026-08-05
2615,2026-08-06
2615,2026-08-07
2615,2026-08-10
2615,2026-08-11
2615,2026-08-12
2615,2026-08-13
2615,2026-08-14
2615,2026-08-17
2615,2026-08-18
2630,2026-07-01
2630,2026-07-02
2630,2026-07-03
2630,2026-07-06
2630,2026-07-07
2630,2026-07-08
2630,2026-07-09
2630,2026-07-13
2633,2026-08-14
2633,2026-08-17
2633,2026-08-18
2634,2026-06-30
2634,2026-07-01
2634,2026-07-02
2634,2026-07-03
2634,2026-07-06
2634,2026-07-07
2634,2026-07-08
2634,2026-07-09
2634,2026-08-04
2634,2026-08-05
2634,2026-08-06
2634,2026-08-07
2634,2026-08-10
2634,2026-08-11
2634,2026-08-12
2634,2026-08-13
2634,2026-08-14
2645,2026-06-24
2645,2026-06-25
2645,2026-06-26
2645,2026-06-29
2645,2026-06-30
2645,2026-07-01
2645,2026-07-02
2645,2026-07-03
2645,2026-08-13
2645,2026-08-14
2739,2026-08-11
2739,2026-08-12
2739,2026-08-13
2739,2026-08-14
2739,2026-08-17
2739,2026-08-18
2816,2026-08-06
2816,2026-08-07
2816,2026-08-10
2816,2026-08-11
2816,2026-08-12
2816,2026-08-13
2880,2026-08-04
2880,2026-08-06
2883,2026-06-30
2883,2026-07-01
2883,2026-07-02
2883,2026-07-03
2883,2026-07-06
2883,2026-07-07
2883,2026-07-08
2883,2026-07-09
2883,2026-07-13
2883,2026-07-14
2883,2026-07-15
2883,2026-07-16
2883,2026-07-17
2883,2026-07-20
2883,2026-07-21
2883,2026-07-22
2883,2026-07-23
2883,2026-07-24
2883,2026-07-27
2883,2026-07-28
2883,2026-07-29
2883,2026-07-30
2883,2026-07-31
2883,2026-08-03
2883,2026-08-04
2883,2026-08-05
2883,2026-08-06
2883,2026-08-07
2883,2026-08-10
2883,2026-08-11
2883,2026-08-12
2883,2026-08-13
2883,2026-08-14
2883,2026-08-17
2883,2026-08-18
2885,2026-08-04
2886,2026-08-04
2886,2026-08-06
2886,2026-08-07
2887,2026-08-12
2887,2026-08-13
2887,2026-08-14
2887,2026-08-17
2887,2026-08-18
2890,2026-08-13
2890,2026-08-14
2890,2026-08-17
2890,2026-08-18
2915,2026-08-04
2915,2026-08-05
2915,2026-08-06
2915,2026-08-07
2915,2026-08-10
2915,2026-08-11
2915,2026-08-12
2915,2026-08-13
2915,2026-08-14
2915,2026-08-17
2915,2026-08-18
2923,2026-07-16
2923,2026-07-17
2923,2026-07-20
2923,2026-07-21
2923,2026-07-22
2923,2026-07-23
2923,2026-07-24
2923,2026-07-27
3003,2026-08-10
3006,2026-06-29
3006,2026-06-30
3006,2026-07-01
3006,2026-07-02
3006,2026-07-03
3006,2026-07-06
3006,2026-07-07
3006,2026-07-08
3006,2026-07-24
3006,2026-07-27
3006,2026-07-28
3006,2026-07-29
3006,2026-07-30
3006,2026-07-31
3006,2026-08-03
3006,2026-08-04
3006,2026-08-06
3006,2026-08-14
3008,2026-05-28
3008,2026-05-29
3008,2026-06-01
3008,2026-06-02
3008,2026-06-03
3008,2026-06-04
3008,2026-06-05
3008,2026-06-08
3008,2026-06-09
3008,2026-06-10
3008,2026-06-11
3008,2026-06-12
3008,2026-06-15
3008,2026-06-30
3008,2026-07-01
3008,2026-07-02
3008,2026-07-03
3008,2026-07-06
3008,2026-07-07
3008,2026-07-08
3008,2026-07-09
3008,2026-08-05
3008,2026-08-06
3008,2026-08-07
3008,2026-08-10
3008,2026-08-11
3008,2026-08-12
3008,2026-08-13
3008,2026-08-14
3008,2026-08-17
3017,2026-06-17
3017,2026-06-18
3017,2026-06-22
3017,2026-06-23
3017,2026-06-24
3017,2026-06-25
3017,2026-06-26
3017,2026-06-29
3017,2026-07-22
3017,2026-07-23
3017,2026-07-24
3017,2026-07-27
3017,2026-07-28
3017,2026-07-29
3017,2026-07-30
3017,2026-07-31
3017,2026-08-03
3017,2026-08-04
3017,2026-08-05
3017,2026-08-06
3017,2026-08-07
3017,2026-08-10
3017,2026-08-11
3017,2026-08-12
3017,2026-08-13
3018,2026-07-16
3018,2026-07-17
3018,2026-07-20
3018,2026-07-21
3018,2026-07-22
3018,2026-07-23
3018,2026-07-24
3018,2026-07-27
3023,2026-08-06
3026,2026-06-05
3026,2026-06-08
3026,2026-06-09
3026,2026-06-10
3026,2026-06-11
3026,2026-06-12
3026,2026-06-15
3026,2026-06-16
3026,2026-06-23
3026,2026-06-24
3026,2026-06-25
3026,2026-06-26
3026,2026-06-29
3026,2026-06-30
3026,2026-07-01
3026,2026-07-02
3026,2026-07-03
3026,2026-07-06
3026,2026-07-07
3026,2026-07-08
3026,2026-07-09
3026,2026-07-13
3026,2026-07-14
3026,2026-07-15
3026,2026-07-16
3026,2026-07-17
3026,2026-07-20
3026,2026-08-10
3026,2026-08-11
3026,2026-08-12
3026,2026-08-17
3036,2026-08-04
3036,2026-08-06
3036,2026-08-07
3036,2026-08-10
3037,2026-06-12
3037,2026-06-15
3037,2026-06-16
3037,2026-06-17
3037,2026-06-18
3037,2026-06-22
3037,2026-06-23
3037,2026-06-24
3037,2026-06-25
3037,2026-06-26
3037,2026-06-29
3037,2026-07-08
3037,2026-07-09
3037,2026-07-13
3037,2026-07-14
3037,2026-07-15
3037,2026-07-16
3037,2026-07-17
3037,2026-07-20
3037,2026-07-21
3037,2026-07-22
3037,2026-07-23
3037,2026-07-24
3037,2026-07-27
3037,2026-07-28
3037,2026-07-29
3037,2026-07-30
3037,2026-07-31
3037,2026-08-05
3037,2026-08-06
3037,2026-08-07
3037,2026-08-10
3037,2026-08-11
3037,2026-08-12
3037,2026-08-13
3037,2026-08-14
3037,2026-08-17
3041,2026-08-04
3041,2026-08-06
3041,2026-08-07
3041,2026-08-10
3041,2026-08-11
3041,2026-08-12
3041,2026-08-13
3041,2026-08-14
3041,2026-08-17
3041,2026-08-18
3042,2026-06-01
3042,2026-06-02
3042,2026-06-03
3042,2026-06-04
3042,2026-06-05
3042,2026-06-08
3042,2026-06-09
3042,2026-06-10
3042,2026-06-22
3042,2026-06-23
3042,2026-06-24
3042,2026-06-25
3042,2026-06-26
3042,2026-06-29
3042,2026-06-30
3042,2026-07-01
3042,2026-07-02
3044,2026-07-30
3044,2026-07-31
3044,2026-08-03
3044,2026-08-04
3044,2026-08-05
3044,2026-08-06
3044,2026-08-07
3044,2026-08-10
3044,2026-08-17
3044,2026-08-18
3046,2026-06-25
3046,2026-06-26
3046,2026-06-29
3046,2026-06-30
3046,2026-07-01
3046,2026-07-02
3046,2026-07-03
3046,2026-07-06
3048,2026-08-04
3055,2026-06-25
3055,2026-06-26
3055,2026-06-29
3055,2026-06-30
3055,2026-07-01
3055,2026-07-02
3055,2026-07-03
3055,2026-07-06
3081,2026-06-26
3081,2026-06-29
3081,2026-06-30
3081,2026-07-01
3081,2026-07-02
3081,2026-07-03
3081,2026-07-06
3081,2026-07-07
3081,2026-07-13
3081,2026-07-14
3081,2026-07-15
3081,2026-07-16
3081,2026-07-17
3081,2026-07-20
3081,2026-07-21
3081,2026-07-22
3081,2026-07-29
3081,2026-07-30
3081,2026-07-31
3081,2026-08-03
3081,2026-08-04
3081,2026-08-05
3081,2026-08-06
3081,2026-08-07
3081,2026-08-10
3081,2026-08-11
3081,2026-08-12
3081,2026-08-13
3081,2026-08-14
3081,2026-08-17
3081,2026-08-18
3090,2026-06-01
3090,2026-06-02
3090,2026-06-03
3090,2026-06-04
3090,2026-06-05
3090,2026-06-08
3090,2026-06-09
3090,2026-06-10
3090,2026-06-11
3090,2026-06-12
3090,2026-06-15
3090,2026-06-16
3090,2026-06-17
3090,2026-08-07
3090,2026-08-10
3090,2026-08-11
3090,2026-08-12
3090,2026-08-13
3090,2026-08-14
3090,2026-08-17
3090,2026-08-18
3105,2026-08-06
3105,2026-08-07
3105,2026-08-10
3105,2026-08-11
3105,2026-08-12
3105,2026-08-13
3105,2026-08-14
3105,2026-08-17
3105,2026-08-18
3114,2026-08-06
3114,2026-08-07
3135,2026-08-04
3141,2026-08-10
3147,2026-08-04
3152,2026-05-29
3152,2026-06-01
3152,2026-06-02
3152,2026-06-03
3152,2026-06-04
3152,2026-06-05
3152,2026-06-08
3152,2026-06-09
3163,2026-07-24
3163,2026-07-27
3163,2026-07-28
3163,2026-07-29
3163,2026-07-30
3163,2026-07-31
3163,2026-08-03
3163,2026-08-04
3167,2026-08-06
3167,2026-08-07
3167,2026-08-10
3167,2026-08-11
3167,2026-08-12
3167,2026-08-13
3167,2026-08-14
3167,2026-08-17
3167,2026-08-18
3189,2026-06-05
3189,2026-06-08
3189,2026-06-09
3189,2026-06-10
3189,2026-06-11
3189,2026-06-12
3189,2026-06-15
3189,2026-06-16
3189,2026-06-17
3189,2026-06-18
3189,2026-06-22
3189,2026-06-23
3189,2026-06-24
3189,2026-06-25
3189,2026-06-26
3189,2026-06-29
3209,2026-08-04
3209,2026-08-06
3209,2026-08-07
3209,2026-08-10
3211,2026-05-22
3211,2026-05-25
3211,2026-05-26
3211,2026-05-27
3211,2026-05-28
3211,2026-05-29
3211,2026-06-01
3211,2026-06-02
3211,2026-07-29
3211,2026-07-30
3211,2026-07-31
3211,2026-08-03
3211,2026-08-04
3211,2026-08-05
3211,2026-08-06
3211,2026-08-07
3211,2026-08-10
3211,2026-08-13
3227,2026-06-16
3227,2026-06-17
3227,2026-06-18
3227,2026-06-22
3227,2026-06-23
3227,2026-06-24
3227,2026-06-25
3227,2026-06-26
3227,2026-08-04
3229,2026-08-06
3229,2026-08-07
3231,2026-05-20
3231,2026-05-21
3231,2026-05-22
3231,2026-05-25
3231,2026-05-26
3231,2026-05-27
3231,2026-05-28
3231,2026-05-29
3231,2026-06-01
3231,2026-07-09
3231,2026-07-13
3231,2026-07-14
3231,2026-07-15
3231,2026-07-16
3231,2026-07-17
3231,2026-07-20
3231,2026-07-21
3231,2026-07-22
3231,2026-07-23
3231,2026-07-24
3231,2026-07-27
3231,2026-07-28
3231,2026-07-29
3231,2026-07-30
3234,2026-08-05
3234,2026-08-06
3234,2026-08-07
3234,2026-08-10
3234,2026-08-11
3234,2026-08-12
3234,2026-08-13
3234,2026-08-14
3234,2026-08-17
3236,2026-08-11
3260,2026-05-21
3260,2026-05-22
3260,2026-05-25
3260,2026-05-26
3260,2026-05-27
3260,2026-05-28
3260,2026-05-29
3260,2026-06-01
3260,2026-08-04
3260,2026-08-06
3260,2026-08-07
3293,2026-08-04
3293,2026-08-06
3293,2026-08-07
3293,2026-08-10
3297,2026-07-06
3297,2026-07-07
3297,2026-07-08
3297,2026-07-09
3297,2026-07-13
3297,2026-07-14
3297,2026-07-15
3297,2026-07-16
3305,2026-08-11
3324,2026-05-22
3324,2026-05-25
3324,2026-05-26
3324,2026-05-27
3324,2026-05-28
3324,2026-05-29
3324,2026-06-01
3324,2026-06-02
3324,2026-08-11
3356,2026-08-06
3356,2026-08-07
3356,2026-08-10
3356,2026-08-11
3356,2026-08-12
3356,2026-08-13
3356,2026-08-14
3356,2026-08-17
3356,2026-08-18
3357,2026-05-26
3357,2026-05-27
3357,2026-05-28
3357,2026-05-29
3357,2026-06-01
3357,2026-06-02
3357,2026-06-03
3357,2026-06-04
3362,2026-05-29
3362,2026-06-01
3362,2026-06-02
3362,2026-06-03
3362,2026-06-04
3362,2026-06-05
3362,2026-06-08
3362,2026-06-09
3362,2026-07-15
3362,2026-07-16
3362,2026-07-17
3362,2026-07-20
3362,2026-07-21
3362,2026-07-22
3362,2026-07-23
3362,2026-07-24
3362,2026-07-27
3362,2026-07-28
3374,2026-06-10
3374,2026-06-11
3374,2026-06-12
3374,2026-06-15
3374,2026-06-16
3374,2026-06-17
3374,2026-06-18
3374,2026-06-22
3374,2026-06-26
3374,2026-06-29
3374,2026-06-30
3374,2026-07-01
3374,2026-07-02
3374,2026-07-03
3374,2026-07-06
3374,2026-07-07
3374,2026-07-08
3374,2026-07-09
3374,2026-07-13
3374,2026-07-14
3374,2026-07-15
3374,2026-07-16
3374,2026-07-17
3374,2026-07-20
3374,2026-07-21
3376,2026-05-26
3376,2026-05-27
3376,2026-05-28
3376,2026-05-29
3376,2026-06-01
3376,2026-06-02
3376,2026-06-03
3376,2026-06-04
3388,2026-08-06
3388,2026-08-07
3388,2026-08-10
3388,2026-08-11
3388,2026-08-12
3388,2026-08-13
3388,2026-08-14
3388,2026-08-17
3388,2026-08-18
3406,2026-08-05
3406,2026-08-06
3406,2026-08-07
3406,2026-08-10
3406,2026-08-11
3406,2026-08-12
3406,2026-08-13
3406,2026-08-14
3406,2026-08-17
3413,2026-07-03
3413,2026-07-06
3413,2026-07-07
3413,2026-07-08
3413,2026-07-09
3413,2026-07-13
3413,2026-07-14
3413,2026-07-15
3441,2026-07-15
3441,2026-07-16
3441,2026-07-17
3441,2026-07-20
3441,2026-07-21
3441,2026-07-22
3441,2026-07-23
3441,2026-07-24
3441,2026-07-27
3441,2026-07-28
3441,2026-08-04
3441,2026-08-06
3441,2026-08-07
3441,2026-08-10
3441,2026-08-11
3441,2026-08-12
3441,2026-08-13
3441,2026-08-14
3441,2026-08-17
3441,2026-08-18
3443,2026-07-30
3443,2026-07-31
3443,2026-08-03
3443,2026-08-04
3443,2026-08-05
3443,2026-08-06
3443,2026-08-07
3443,2026-08-10
3443,2026-08-11
3443,2026-08-12
3443,2026-08-13
3443,2026-08-14
3443,2026-08-17
3443,2026-08-18
3450,2026-06-08
3450,2026-06-09
3450,2026-06-10
3450,2026-06-11
3450,2026-06-12
3450,2026-06-15
3450,2026-06-16
3450,2026-06-17
3450,2026-06-18
3450,2026-06-22
3450,2026-07-24
3450,2026-07-27
3450,2026-07-28
3450,2026-07-29
3450,2026-07-30
3450,2026-07-31
3450,2026-08-03
3450,2026-08-04
3450,2026-08-05
3450,2026-08-06
3450,2026-08-07
3450,2026-08-10
3450,2026-08-14
3450,2026-08-17
3450,2026-08-18
3455,2026-08-05
3455,2026-08-06
3455,2026-08-07
3455,2026-08-10
3455,2026-08-11
3455,2026-08-12
3455,2026-08-13
3455,2026-08-14
3455,2026-08-17
3481,2026-05-20
3481,2026-05-21
3481,2026-05-22
3481,2026-05-25
3481,2026-05-26
3481,2026-05-27
3481,2026-05-28
3481,2026-05-29
3481,2026-06-05
3481,2026-06-08
3481,2026-06-09
3481,2026-06-10
3481,2026-06-11
3481,2026-06-12
3481,2026-06-15
3481,2026-06-16
3481,2026-06-17
3481,2026-07-21
3481,2026-07-22
3481,2026-07-23
3481,2026-07-24
3481,2026-07-27
3481,2026-07-28
3481,2026-07-29
3481,2026-07-30
3481,2026-07-31
3481,2026-08-03
3481,2026-08-04
3481,2026-08-05
3481,2026-08-06
3481,2026-08-07
3481,2026-08-10
3481,2026-08-11
3481,2026-08-14
3490,2026-08-11
3491,2026-08-13
3498,2026-08-04
3498,2026-08-05
3498,2026-08-06
3498,2026-08-07
3498,2026-08-10
3498,2026-08-11
3498,2026-08-12
3498,2026-08-13
3498,2026-08-14
3498,2026-08-17
3498,2026-08-18
3504,2026-07-17
3504,2026-07-20
3504,2026-07-21
3504,2026-07-22
3504,2026-07-23
3504,2026-07-24
3504,2026-07-27
3504,2026-07-28
3504,2026-08-04
3508,2026-08-07
3508,2026-08-10
3508,2026-08-11
3508,2026-08-12
3508,2026-08-13
3508,2026-08-14
3508,2026-08-17
3508,2026-08-18
3520,2026-07-20
3520,2026-07-21
3520,2026-07-22
3520,2026-07-23
3520,2026-07-24
3520,2026-07-27
3520,2026-07-28
3520,2026-07-29
3529,2026-07-20
3529,2026-07-21
3529,2026-07-22
3529,2026-07-23
3529,2026-07-24
3529,2026-07-27
3529,2026-07-28
3529,2026-07-29
3529,2026-08-07
3529,2026-08-10
3532,2026-07-01
3532,2026-07-02
3532,2026-07-03
3532,2026-07-06
3532,2026-07-07
3532,2026-07-08
3532,2026-07-09
3532,2026-07-13
3532,2026-07-14
3532,2026-07-15
3532,2026-07-16
3532,2026-07-17
3532,2026-08-03
3532,2026-08-04
3532,2026-08-05
3532,2026-08-06
3532,2026-08-07
3532,2026-08-10
3532,2026-08-11
3532,2026-08-12
3532,2026-08-13
3532,2026-08-14
3532,2026-08-17
3543,2026-07-20
3543,2026-07-21
3543,2026-07-22
3543,2026-07-23
3543,2026-07-24
3543,2026-07-27
3543,2026-07-28
3543,2026-07-29
3543,2026-08-04
3543,2026-08-06
3543,2026-08-17
3577,2026-07-07
3577,2026-07-08
3577,2026-07-09
3577,2026-07-13
3577,2026-07-14
3577,2026-07-15
3577,2026-07-16
3577,2026-07-17
3594,2026-08-06
3605,2026-08-06
3605,2026-08-07
3605,2026-08-13
3624,2026-06-04
3624,2026-06-05
3624,2026-06-08
3624,2026-06-09
3624,2026-06-10
3624,2026-06-11
3624,2026-06-12
3624,2026-06-15
3624,2026-08-10
3624,2026-08-13
3624,2026-08-14
3624,2026-08-17
3624,2026-08-18
3652,2026-08-10
3652,2026-08-11
3652,2026-08-12
3652,2026-08-13
3653,2026-07-08
3653,2026-07-09
3653,2026-07-13
3653,2026-07-14
3653,2026-07-15
3653,2026-07-16
3653,2026-07-17
3653,2026-07-20
3653,2026-07-23
3653,2026-07-24
3653,2026-07-27
3653,2026-07-28
3653,2026-07-29
3653,2026-07-30
3653,2026-07-31
3653,2026-08-03
3653,2026-08-04
3653,2026-08-05
3653,2026-08-06
3653,2026-08-07
3653,2026-08-10
3653,2026-08-11
3653,2026-08-12
3653,2026-08-13
3653,2026-08-14
3653,2026-08-17
3653,2026-08-18
3661,2026-05-20
3661,2026-05-21
3661,2026-05-22
3661,2026-05-25
3661,2026-05-26
3661,2026-05-27
3661,2026-05-28
3661,2026-05-29
3661,2026-06-22
3661,2026-06-23
3661,2026-06-24
3661,2026-06-25
3661,2026-06-26
3661,2026-06-29
3661,2026-06-30
3661,2026-07-01
3661,2026-08-13
3665,2026-07-23
3665,2026-07-24
3665,2026-07-27
3665,2026-07-28
3665,2026-07-29
3665,2026-07-30
3665,2026-07-31
3665,2026-08-03
3669,2026-07-14
3669,2026-07-15
3669,2026-07-16
3669,2026-07-17
3669,2026-07-20
3669,2026-07-21
3669,2026-07-22
3669,2026-07-23
3679,2026-08-06
3679,2026-08-07
3679,2026-08-10
3679,2026-08-11
3679,2026-08-12
3679,2026-08-13
3679,2026-08-14
3679,2026-08-17
3679,2026-08-18
3685,2026-07-14
3685,2026-07-15
3685,2026-07-16
3685,2026-07-17
3685,2026-07-20
3685,2026-07-21
3685,2026-07-22
3685,2026-07-23
3693,2026-06-25
3693,2026-06-26
3693,2026-06-29
3693,2026-06-30
3693,2026-07-01
3693,2026-07-02
3693,2026-07-03
3693,2026-07-06
3693,2026-08-10
3693,2026-08-11
3693,2026-08-12
3693,2026-08-13
3693,2026-08-14
3693,2026-08-17
3693,2026-08-18
3702,2026-08-04
3702,2026-08-06
3702,2026-08-07
3702,2026-08-10
3707,2026-06-10
3707,2026-06-11
3707,2026-06-12
3707,2026-06-15
3707,2026-06-16
3707,2026-06-17
3707,2026-06-18
3707,2026-06-22
3708,2026-08-06
3708,2026-08-07
3708,2026-08-10
3708,2026-08-11
3708,2026-08-12
3708,2026-08-13
3708,2026-08-14
3708,2026-08-17
3708,2026-08-18
3709,2026-08-06
3711,2026-06-09
3711,2026-06-10
3711,2026-06-11
3711,2026-06-12
3711,2026-06-15
3711,2026-06-16
3711,2026-06-17
3711,2026-06-18
3711,2026-07-22
3711,2026-07-23
3711,2026-07-24
3711,2026-07-27
3711,2026-07-28
3711,2026-07-29
3711,2026-07-30
3711,2026-07-31
3715,2026-08-11
3716,2026-07-28
3716,2026-07-29
3716,2026-07-30
3716,2026-07-31
3716,2026-08-03
3716,2026-08-04
3716,2026-08-05
3716,2026-08-06
4133,2026-07-06
4133,2026-07-07
4133,2026-07-08
4133,2026-07-09
4133,2026-07-13
4133,2026-07-14
4133,2026-07-15
4133,2026-07-16
4169,2026-06-25
4169,2026-06-26
4169,2026-06-29
4169,2026-06-30
4169,2026-07-01
4169,2026-07-02
4169,2026-07-03
4169,2026-07-06
4171,2026-07-06
4171,2026-07-07
4171,2026-07-08
4171,2026-07-09
4171,2026-07-13
4171,2026-07-14
4171,2026-07-15
4171,2026-07-16
4416,2026-08-06
4416,2026-08-07
4416,2026-08-10
4416,2026-08-11
4416,2026-08-12
4416,2026-08-13
4416,2026-08-14
4416,2026-08-17
4416,2026-08-18
4510,2026-08-12
4510,2026-08-13
4540,2026-08-10
4541,2026-08-04
4541,2026-08-06
4541,2026-08-07
4541,2026-08-13
4542,2026-05-26
4542,2026-05-27
4542,2026-05-28
4542,2026-05-29
4542,2026-06-01
4542,2026-06-02
4542,2026-06-03
4542,2026-06-04
4542,2026-06-05
4566,2026-07-07
4566,2026-07-08
4566,2026-07-09
4566,2026-07-13
4566,2026-07-14
4566,2026-07-15
4566,2026-07-16
4566,2026-07-17
4566,2026-07-28
4566,2026-07-29
4566,2026-07-30
4566,2026-07-31
4566,2026-08-03
4566,2026-08-04
4566,2026-08-05
4566,2026-08-06
4577,2026-07-16
4577,2026-07-17
4577,2026-07-20
4577,2026-07-21
4577,2026-07-22
4577,2026-07-23
4577,2026-07-24
4577,2026-07-27
4707,2026-07-14
4707,2026-07-15
4707,2026-07-16
4707,2026-07-17
4707,2026-07-20
4707,2026-07-21
4707,2026-07-22
4707,2026-07-23
4722,2026-08-10
4735,2026-08-07
4735,2026-08-10
4735,2026-08-11
4735,2026-08-12
4735,2026-08-13
4735,2026-08-14
4735,2026-08-17
4735,2026-08-18
4764,2026-07-01
4764,2026-07-02
4764,2026-07-03
4764,2026-07-06
4764,2026-07-07
4764,2026-07-08
4764,2026-07-09
4764,2026-07-13
4908,2026-08-04
4927,2026-08-11
4931,2026-05-27
4931,2026-05-28
4931,2026-05-29
4931,2026-06-01
4931,2026-06-02
4931,2026-06-03
4931,2026-06-04
4931,2026-06-05
4931,2026-06-24
4931,2026-06-25
4931,2026-06-26
4931,2026-06-29
4931,2026-06-30
4931,2026-07-01
4931,2026-07-02
4931,2026-07-03
4931,2026-07-06
4931,2026-07-07
4931,2026-08-04
4931,2026-08-06
4931,2026-08-07
4931,2026-08-10
4931,2026-08-11
4931,2026-08-12
4931,2026-08-13
4931,2026-08-14
4931,2026-08-17
4931,2026-08-18
4939,2026-07-03
4939,2026-07-06
4939,2026-07-07
4939,2026-07-08
4939,2026-07-09
4939,2026-07-13
4939,2026-07-14
4939,2026-07-15
4939,2026-07-16
4939,2026-07-17
4939,2026-08-04
4939,2026-08-06
4939,2026-08-07
4939,2026-08-10
4939,2026-08-11
4939,2026-08-12
4939,2026-08-13
4939,2026-08-14
4949,2026-08-10
4958,2026-06-17
4958,2026-06-18
4958,2026-06-22
4958,2026-06-23
4958,2026-06-24
4958,2026-06-25
4958,2026-06-26
4958,2026-06-29
4958,2026-06-30
4958,2026-07-01
4958,2026-07-02
4958,2026-07-03
4958,2026-07-06
4958,2026-07-07
4958,2026-07-08
4958,2026-07-09
4958,2026-07-13
4958,2026-07-14
4958,2026-07-15
4958,2026-07-16
4958,2026-07-17
4958,2026-07-20
4958,2026-07-21
4958,2026-07-24
4958,2026-07-27
4958,2026-07-28
4958,2026-07-29
4958,2026-07-30
4958,2026-07-31
4958,2026-08-03
4958,2026-08-04
4967,2026-08-04
4967,2026-08-06
4967,2026-08-07
4967,2026-08-10
4967,2026-08-11
4967,2026-08-12
4967,2026-08-13
4967,2026-08-14
4967,2026-08-17
4967,2026-08-18
4971,2026-08-07
4971,2026-08-14
4973,2026-05-29
4973,2026-06-01
4973,2026-06-02
4973,2026-06-03
4973,2026-06-04
4973,2026-06-05
4973,2026-06-08
4973,2026-06-09
4973,2026-08-04
4973,2026-08-06
4973,2026-08-07
4973,2026-08-10
4973,2026-08-11
4973,2026-08-12
4973,2026-08-13
4973,2026-08-14
4973,2026-08-17
4973,2026-08-18
4976,2026-07-17
4976,2026-07-20
4976,2026-07-21
4976,2026-07-22
4976,2026-07-23
4976,2026-07-24
4976,2026-07-27
4976,2026-07-28
4977,2026-08-12
4979,2026-07-24
4979,2026-07-27
4979,2026-07-28
4979,2026-07-29
4979,2026-07-30
4979,2026-07-31
4979,2026-08-03
4979,2026-08-04
4979,2026-08-05
4979,2026-08-06
4979,2026-08-07
4979,2026-08-10
4979,2026-08-11
4979,2026-08-12
4979,2026-08-13
4989,2026-06-23
4989,2026-06-24
4989,2026-06-25
4989,2026-06-26
4989,2026-06-29
4989,2026-06-30
4989,2026-07-01
4989,2026-07-02
4991,2026-08-07
5225,2026-08-06
5225,2026-08-07
5225,2026-08-10
5225,2026-08-11
5225,2026-08-12
5225,2026-08-13
5225,2026-08-14
5225,2026-08-17
5225,2026-08-18
5274,2026-07-08
5274,2026-07-09
5274,2026-07-13
5274,2026-07-14
5274,2026-07-15
5274,2026-07-16
5274,2026-07-17
5274,2026-07-20
5289,2026-05-28
5289,2026-05-29
5289,2026-06-01
5289,2026-06-02
5289,2026-06-03
5289,2026-06-04
5289,2026-06-05
5289,2026-06-08
5289,2026-08-11
5292,2026-08-07
5292,2026-08-10
5292,2026-08-11
5292,2026-08-12
5292,2026-08-13
5292,2026-08-14
5292,2026-08-17
5292,2026-08-18
5299,2026-07-17
5299,2026-07-20
5299,2026-07-21
5299,2026-07-22
5299,2026-07-23
5299,2026-07-24
5299,2026-07-27
5299,2026-07-28
5309,2026-08-04
5312,2026-07-13
5312,2026-07-14
5312,2026-07-15
5312,2026-07-16
5312,2026-07-17
5312,2026-07-20
5312,2026-07-21
5312,2026-07-22
5314,2026-08-06
5314,2026-08-07
5314,2026-08-10
5314,2026-08-11
5314,2026-08-12
5314,2026-08-13
5314,2026-08-14
5314,2026-08-17
5314,2026-08-18
5328,2026-06-15
5328,2026-06-16
5328,2026-06-17
5328,2026-06-18
5328,2026-06-22
5328,2026-06-23
5328,2026-06-24
5328,2026-06-25
5328,2026-07-15
5328,2026-07-16
5328,2026-07-17
5328,2026-07-20
5328,2026-07-21
5328,2026-07-22
5328,2026-07-23
5328,2026-07-24
5328,2026-08-04
5328,2026-08-06
5328,2026-08-07
5328,2026-08-10
5328,2026-08-11
5328,2026-08-12
5328,2026-08-18
5340,2026-08-12
5347,2026-06-12
5347,2026-06-15
5347,2026-06-16
5347,2026-06-17
5347,2026-06-18
5347,2026-06-22
5347,2026-06-23
5347,2026-06-24
5347,2026-07-29
5347,2026-07-30
5347,2026-07-31
5347,2026-08-03
5347,2026-08-04
5347,2026-08-05
5347,2026-08-06
5347,2026-08-07
5351,2026-07-24
5351,2026-07-27
5351,2026-07-28
5351,2026-07-29
5351,2026-07-30
5351,2026-07-31
5351,2026-08-03
5351,2026-08-04
5351,2026-08-05
5351,2026-08-06
5351,2026-08-07
5351,2026-08-17
5351,2026-08-18
5371,2026-06-16
5371,2026-06-17
5371,2026-06-18
5371,2026-06-22
5371,2026-06-23
5371,2026-06-24
5371,2026-06-25
5371,2026-06-26
5371,2026-06-29
5371,2026-06-30
5371,2026-07-01
5371,2026-07-02
5371,2026-07-03
5386,2026-08-10
5425,2026-06-24
5425,2026-06-25
5425,2026-06-26
5425,2026-06-29
5425,2026-06-30
5425,2026-07-01
5425,2026-07-02
5425,2026-07-03
5425,2026-08-11
5425,2026-08-17
5425,2026-08-18
5434,2026-06-16
5434,2026-06-17
5434,2026-06-18
5434,2026-06-22
5434,2026-06-23
5434,2026-06-24
5434,2026-06-25
5434,2026-06-26
5443,2026-08-06
5443,2026-08-07
5443,2026-08-10
5443,2026-08-11
5443,2026-08-12
5443,2026-08-13
5443,2026-08-14
5443,2026-08-17
5443,2026-08-18
5450,2026-07-06
5450,2026-07-07
5450,2026-07-08
5450,2026-07-09
5450,2026-07-13
5450,2026-07-14
5450,2026-07-15
5450,2026-07-16
5450,2026-07-17
5475,2026-08-04
5475,2026-08-06
5475,2026-08-07
5475,2026-08-10
5475,2026-08-11
5475,2026-08-12
5475,2026-08-13
5475,2026-08-14
5475,2026-08-17
5475,2026-08-18
5483,2026-06-18
5483,2026-06-22
5483,2026-06-23
5483,2026-06-24
5483,2026-06-25
5483,2026-06-26
5483,2026-06-29
5483,2026-06-30
5483,2026-07-01
5483,2026-07-02
5483,2026-07-03
5483,2026-07-06
5483,2026-07-07
5483,2026-07-08
5483,2026-07-09
5483,2026-07-13
5483,2026-07-14
5483,2026-07-31
5483,2026-08-03
5483,2026-08-04
5483,2026-08-05
5483,2026-08-06
5483,2026-08-07
5483,2026-08-10
5483,2026-08-11
5483,2026-08-12
5483,2026-08-13
5483,2026-08-14
5498,2026-08-12
5515,2026-08-06
5515,2026-08-13
5515,2026-08-14
5515,2026-08-17
5515,2026-08-18
5519,2026-08-06
5519,2026-08-07
5519,2026-08-10
5519,2026-08-11
5519,2026-08-12
5519,2026-08-13
5519,2026-08-14
5519,2026-08-17
5519,2026-08-18
5522,2026-08-11
5522,2026-08-12
5522,2026-08-17
5522,2026-08-18
5608,2026-08-06
5608,2026-08-07
5608,2026-08-10
5608,2026-08-11
5608,2026-08-12
5608,2026-08-13
5608,2026-08-14
5608,2026-08-17
5608,2026-08-18
5706,2026-08-06
5706,2026-08-07
5706,2026-08-10
5706,2026-08-11
5706,2026-08-12
5706,2026-08-13
5706,2026-08-14
5706,2026-08-17
5706,2026-08-18
5904,2026-08-10
5904,2026-08-11
6121,2026-07-30
6121,2026-07-31
6121,2026-08-03
6121,2026-08-04
6121,2026-08-05
6121,2026-08-06
6121,2026-08-07
6121,2026-08-10
6139,2026-06-02
6139,2026-06-03
6139,2026-06-04
6139,2026-06-05
6139,2026-06-08
6139,2026-06-09
6139,2026-06-10
6139,2026-06-11
6139,2026-06-12
6141,2026-08-18
6147,2026-07-02
6147,2026-07-03
6147,2026-07-06
6147,2026-07-07
6147,2026-07-08
6147,2026-07-09
6147,2026-07-13
6147,2026-07-14
6147,2026-07-24
6147,2026-07-27
6147,2026-07-28
6147,2026-07-29
6147,2026-07-30
6147,2026-07-31
6147,2026-08-03
6147,2026-08-04
6147,2026-08-10
6152,2026-08-10
6152,2026-08-11
6152,2026-08-12
6152,2026-08-13
6152,2026-08-14
6152,2026-08-17
6152,2026-08-18
6166,2026-07-13
6166,2026-07-14
6166,2026-07-15
6166,2026-07-16
6166,2026-07-17
6166,2026-07-20
6166,2026-07-21
6166,2026-07-22
6173,2026-06-01
6173,2026-06-02
6173,2026-06-03
6173,2026-06-04
6173,2026-06-05
6173,2026-06-08
6173,2026-06-09
6173,2026-06-10
6173,2026-06-11
6173,2026-06-23
6173,2026-06-24
6173,2026-06-25
6173,2026-06-26
6173,2026-06-29
6173,2026-06-30
6173,2026-07-01
6173,2026-07-02
6173,2026-07-15
6173,2026-07-16
6173,2026-07-17
6173,2026-07-20
6173,2026-07-21
6173,2026-07-22
6173,2026-07-23
6173,2026-07-24
6173,2026-07-30
6173,2026-07-31
6173,2026-08-03
6173,2026-08-04
6173,2026-08-05
6173,2026-08-06
6173,2026-08-07
6173,2026-08-10
6173,2026-08-11
6173,2026-08-12
6173,2026-08-13
6173,2026-08-14
6173,2026-08-17
6173,2026-08-18
6175,2026-05-26
6175,2026-05-27
6175,2026-05-28
6175,2026-05-29
6175,2026-06-01
6175,2026-06-02
6175,2026-06-03
6175,2026-06-04
6179,2026-08-04
6179,2026-08-06
6179,2026-08-07
6179,2026-08-10
6179,2026-08-11
6179,2026-08-12
6179,2026-08-13
6179,2026-08-14
6179,2026-08-17
6179,2026-08-18
6182,2026-06-22
6182,2026-06-23
6182,2026-06-24
6182,2026-06-25
6182,2026-06-26
6182,2026-06-29
6182,2026-06-30
6182,2026-07-01
6182,2026-07-02
6182,2026-07-03
6182,2026-07-06
6182,2026-07-07
6182,2026-07-08
6182,2026-07-09
6182,2026-07-31
6182,2026-08-03
6182,2026-08-04
6182,2026-08-05
6182,2026-08-06
6182,2026-08-07
6182,2026-08-10
6182,2026-08-11
6182,2026-08-12
6182,2026-08-13
6182,2026-08-14
6182,2026-08-17
6182,2026-08-18
6187,2026-07-15
6187,2026-07-16
6187,2026-07-17
6187,2026-07-20
6187,2026-07-21
6187,2026-07-22
6187,2026-07-23
6187,2026-07-24
6187,2026-07-31
6187,2026-08-03
6187,2026-08-04
6187,2026-08-05
6187,2026-08-06
6187,2026-08-07
6187,2026-08-10
6187,2026-08-11
6187,2026-08-12
6187,2026-08-13
6187,2026-08-14
6188,2026-08-04
6206,2026-08-07
6207,2026-05-25
6207,2026-05-26
6207,2026-05-27
6207,2026-05-28
6207,2026-05-29
6207,2026-06-01
6207,2026-06-02
6207,2026-06-03
6207,2026-06-04
6207,2026-06-05
6207,2026-06-08
6207,2026-06-09
6207,2026-08-04
6207,2026-08-11
6209,2026-06-04
6209,2026-06-05
6209,2026-06-08
6209,2026-06-09
6209,2026-06-10
6209,2026-06-11
6209,2026-06-12
6209,2026-06-15
6209,2026-08-11
6213,2026-05-20
6213,2026-05-21
6213,2026-05-22
6213,2026-05-25
6213,2026-05-26
6213,2026-05-27
6213,2026-05-28
6213,2026-05-29
6213,2026-06-09
6213,2026-06-10
6213,2026-06-11
6213,2026-06-12
6213,2026-06-15
6213,2026-06-16
6213,2026-06-17
6213,2026-06-18
6213,2026-06-22
6213,2026-06-23
6213,2026-06-24
6213,2026-06-25
6213,2026-06-26
6213,2026-06-29
6213,2026-06-30
6213,2026-07-01
6213,2026-07-02
6213,2026-07-24
6213,2026-07-27
6213,2026-07-28
6213,2026-07-29
6213,2026-07-30
6213,2026-07-31
6213,2026-08-03
6213,2026-08-04
6213,2026-08-05
6213,2026-08-06
6213,2026-08-07
6213,2026-08-18
6214,2026-08-18
6217,2026-08-14
6223,2026-06-18
6223,2026-06-22
6223,2026-06-23
6223,2026-06-24
6223,2026-06-25
6223,2026-06-26
6223,2026-06-29
6223,2026-06-30
6223,2026-07-01
6223,2026-07-02
6223,2026-07-03
6223,2026-07-06
6223,2026-07-07
6223,2026-07-08
6225,2026-08-17
6225,2026-08-18
6226,2026-06-15
6226,2026-06-16
6226,2026-06-17
6226,2026-06-18
6226,2026-06-22
6226,2026-06-23
6226,2026-06-24
6226,2026-06-25
6226,2026-07-16
6226,2026-07-17
6226,2026-07-20
6226,2026-07-21
6226,2026-07-22
6226,2026-07-23
6226,2026-07-24
6226,2026-07-27
6226,2026-07-28
6226,2026-08-04
6226,2026-08-06
6226,2026-08-07
6226,2026-08-10
6226,2026-08-11
6226,2026-08-12
6226,2026-08-13
6226,2026-08-14
6226,2026-08-17
6226,2026-08-18
6243,2026-07-14
6243,2026-07-15
6243,2026-07-16
6243,2026-07-17
6243,2026-07-20
6243,2026-07-21
6243,2026-07-22
6243,2026-07-23
6244,2026-05-29
6244,2026-06-01
6244,2026-06-02
6244,2026-06-03
6244,2026-06-04
6244,2026-06-05
6244,2026-06-08
6244,2026-06-09
6259,2026-06-25
6259,2026-06-26
6259,2026-06-29
6259,2026-06-30
6259,2026-07-01
6259,2026-07-02
6259,2026-07-03
6259,2026-07-06
6265,2026-08-07
6265,2026-08-14
6269,2026-08-06
6269,2026-08-07
6274,2026-06-03
6274,2026-06-04
6274,2026-06-05
6274,2026-06-08
6274,2026-06-09
6274,2026-06-10
6274,2026-06-11
6274,2026-06-12
6274,2026-07-23
6274,2026-07-24
6274,2026-07-27
6274,2026-07-28
6274,2026-07-29
6274,2026-07-30
6274,2026-07-31
6274,2026-08-03
6274,2026-08-04
6274,2026-08-05
6274,2026-08-06
6274,2026-08-07
6274,2026-08-10
6279,2026-07-02
6279,2026-07-03
6279,2026-07-06
6279,2026-07-07
6279,2026-07-08
6279,2026-07-09
6279,2026-07-13
6279,2026-07-14
6279,2026-07-15
6279,2026-07-16
6279,2026-07-17
6279,2026-07-20
6279,2026-07-21
6279,2026-07-22
6279,2026-07-23
6279,2026-07-24
6279,2026-07-27
6279,2026-07-28
6279,2026-07-29
6279,2026-07-30
6279,2026-07-31
6279,2026-08-03
6279,2026-08-04
6279,2026-08-05
6279,2026-08-06
6279,2026-08-07
6279,2026-08-10
6279,2026-08-11
6279,2026-08-12
6279,2026-08-13
6279,2026-08-14
6279,2026-08-17
6279,2026-08-18
6282,2026-05-25
6282,2026-05-26
6282,2026-05-27
6282,2026-05-28
6282,2026-05-29
6282,2026-06-01
6282,2026-06-02
6282,2026-06-03
6291,2026-06-15
6291,2026-06-16
6291,2026-06-17
6291,2026-06-18
6291,2026-06-22
6291,2026-06-23
6291,2026-06-24
6291,2026-06-25
6409,2026-05-25
6409,2026-05-26
6409,2026-05-27
6409,2026-05-28
6409,2026-05-29
6409,2026-06-01
6409,2026-06-02
6409,2026-06-03
6409,2026-06-04
6426,2026-07-28
6426,2026-07-29
6426,2026-07-30
6426,2026-07-31
6426,2026-08-03
6426,2026-08-04
6426,2026-08-05
6426,2026-08-06
6426,2026-08-18
6442,2026-05-22
6442,2026-05-25
6442,2026-05-26
6442,2026-05-27
6442,2026-05-28
6442,2026-05-29
6442,2026-06-01
6442,2026-06-02
6442,2026-07-31
6442,2026-08-03
6442,2026-08-04
6442,2026-08-05
6442,2026-08-06
6442,2026-08-07
6442,2026-08-10
6442,2026-08-11
6446,2026-06-16
6446,2026-06-17
6446,2026-06-18
6446,2026-06-22
6446,2026-06-23
6446,2026-06-24
6446,2026-06-25
6446,2026-06-26
6446,2026-07-28
6446,2026-07-29
6446,2026-07-30
6446,2026-07-31
6446,2026-08-03
6446,2026-08-04
6446,2026-08-05
6446,2026-08-06
6446,2026-08-07
6446,2026-08-10
6446,2026-08-13
6451,2026-08-12
6461,2026-07-14
6461,2026-07-15
6461,2026-07-16
6461,2026-07-17
6461,2026-07-20
6461,2026-07-21
6461,2026-07-22
6461,2026-07-23
6488,2026-06-04
6488,2026-06-05
6488,2026-06-08
6488,2026-06-09
6488,2026-06-10
6488,2026-06-11
6488,2026-06-12
6488,2026-06-15
6488,2026-06-18
6488,2026-06-22
6488,2026-06-23
6488,2026-06-24
6488,2026-06-25
6488,2026-06-26
6488,2026-06-29
6488,2026-06-30
6488,2026-07-01
6488,2026-07-02
6488,2026-07-03
6488,2026-07-06
6488,2026-07-07
6488,2026-07-08
6488,2026-07-09
6488,2026-07-31
6488,2026-08-03
6488,2026-08-04
6488,2026-08-05
6488,2026-08-06
6488,2026-08-07
6488,2026-08-10
6488,2026-08-11
6488,2026-08-12
6488,2026-08-13
6488,2026-08-14
6488,2026-08-17
6505,2026-07-03
6505,2026-07-06
6505,2026-07-07
6505,2026-07-08
6505,2026-07-09
6505,2026-07-13
6505,2026-07-14
6505,2026-07-15
6505,2026-07-16
6505,2026-07-17
6505,2026-07-20
6505,2026-07-21
6505,2026-07-22
6505,2026-08-07
6515,2026-06-02
6515,2026-06-03
6515,2026-06-04
6515,2026-06-05
6515,2026-06-08
6515,2026-06-09
6515,2026-06-10
6515,2026-06-11
6525,2026-06-25
6525,2026-06-26
6525,2026-06-29
6525,2026-06-30
6525,2026-07-01
6525,2026-07-02
6525,2026-07-03
6525,2026-07-06
6530,2026-08-12
6531,2026-08-06
6531,2026-08-12
6531,2026-08-13
6533,2026-07-07
6533,2026-07-08
6533,2026-07-09
6533,2026-07-13
6533,2026-07-14
6533,2026-07-15
6533,2026-07-16
6533,2026-07-17
6533,2026-07-28
6533,2026-07-29
6533,2026-07-30
6533,2026-07-31
6533,2026-08-03
6533,2026-08-04
6533,2026-08-05
6533,2026-08-06
6533,2026-08-07
6533,2026-08-10
6538,2026-08-12
6538,2026-08-13
6538,2026-08-14
6538,2026-08-17
6538,2026-08-18
6548,2026-08-14
6577,2026-07-14
6577,2026-07-15
6577,2026-07-16
6577,2026-07-17
6577,2026-07-20
6577,2026-07-21
6577,2026-07-22
6577,2026-07-23
6579,2026-07-13
6579,2026-07-14
6579,2026-07-15
6579,2026-07-16
6579,2026-07-17
6579,2026-07-20
6579,2026-07-21
6579,2026-07-22
6584,2026-07-28
6584,2026-07-29
6584,2026-07-30
6584,2026-07-31
6584,2026-08-03
6584,2026-08-04
6584,2026-08-05
6584,2026-08-06
6584,2026-08-17
6588,2026-07-14
6588,2026-07-15
6588,2026-07-16
6588,2026-07-17
6588,2026-07-20
6588,2026-07-21
6588,2026-07-22
6588,2026-07-23
6588,2026-07-24
6588,2026-08-04
6589,2026-08-10
6589,2026-08-11
6589,2026-08-12
6589,2026-08-13
6589,2026-08-14
6589,2026-08-17
6589,2026-08-18
6617,2026-07-28
6617,2026-07-29
6617,2026-07-30
6617,2026-07-31
6617,2026-08-03
6617,2026-08-04
6617,2026-08-05
6617,2026-08-06
6620,2026-07-20
6620,2026-07-21
6620,2026-07-22
6620,2026-07-23
6620,2026-07-24
6620,2026-07-27
6620,2026-07-28
6620,2026-07-29
6640,2026-08-04
6640,2026-08-05
6640,2026-08-06
6640,2026-08-07
6640,2026-08-10
6640,2026-08-11
6640,2026-08-12
6640,2026-08-13
6640,2026-08-14
6643,2026-07-07
6643,2026-07-08
6643,2026-07-09
6643,2026-07-13
6643,2026-07-14
6643,2026-07-15
6643,2026-07-16
6643,2026-07-17
6668,2026-07-17
6668,2026-07-20
6668,2026-07-21
6668,2026-07-22
6668,2026-07-23
6668,2026-07-24
6668,2026-07-27
6668,2026-07-28
6669,2026-07-09
6669,2026-07-13
6669,2026-07-14
6669,2026-07-15
6669,2026-07-16
6669,2026-07-17
6669,2026-07-20
6669,2026-07-21
6669,2026-07-22
6669,2026-07-23
6669,2026-07-24
6669,2026-07-27
6669,2026-07-28
6669,2026-07-29
6669,2026-07-30
6669,2026-07-31
6672,2026-08-13
6672,2026-08-14
6672,2026-08-17
6672,2026-08-18
6683,2026-06-10
6683,2026-06-11
6683,2026-06-12
6683,2026-06-15
6683,2026-06-16
6683,2026-06-17
6683,2026-06-18
6683,2026-06-22
6683,2026-06-23
6691,2026-08-10
6691,2026-08-11
6691,2026-08-12
6691,2026-08-13
6691,2026-08-14
6691,2026-08-17
6691,2026-08-18
6693,2026-07-28
6693,2026-07-29
6693,2026-07-30
6693,2026-07-31
6693,2026-08-03
6693,2026-08-04
6693,2026-08-05
6693,2026-08-06
6712,2026-06-25
6712,2026-06-26
6712,2026-06-29
6712,2026-06-30
6712,2026-07-01
6712,2026-07-02
6712,2026-07-03
6712,2026-07-06
6715,2026-07-13
6715,2026-07-14
6715,2026-07-15
6715,2026-07-16
6715,2026-07-17
6715,2026-07-20
6715,2026-07-21
6715,2026-07-22
6715,2026-08-18
6727,2026-08-04
6727,2026-08-05
6727,2026-08-06
6727,2026-08-07
6727,2026-08-10
6727,2026-08-11
6727,2026-08-12
6727,2026-08-13
6727,2026-08-14
6727,2026-08-17
6733,2026-07-16
6733,2026-07-17
6733,2026-07-20
6733,2026-07-21
6733,2026-07-22
6733,2026-07-23
6733,2026-07-24
6733,2026-07-27
6739,2026-07-03
6739,2026-07-06
6739,2026-07-07
6739,2026-07-08
6739,2026-07-09
6739,2026-07-13
6739,2026-07-14
6739,2026-07-15
6753,2026-08-04
6753,2026-08-05
6753,2026-08-06
6753,2026-08-07
6753,2026-08-10
6753,2026-08-11
6753,2026-08-12
6753,2026-08-13
6753,2026-08-14
6770,2026-06-09
6770,2026-06-10
6770,2026-06-11
6770,2026-06-12
6770,2026-06-15
6770,2026-06-16
6770,2026-06-17
6770,2026-06-18
6770,2026-06-22
6770,2026-06-23
6770,2026-07-02
6770,2026-07-03
6770,2026-07-06
6770,2026-07-07
6770,2026-07-08
6770,2026-07-09
6770,2026-07-13
6770,2026-07-14
6770,2026-07-23
6770,2026-07-24
6770,2026-07-27
6770,2026-07-28
6770,2026-07-29
6770,2026-07-30
6770,2026-07-31
6770,2026-08-03
6770,2026-08-04
6770,2026-08-05
6770,2026-08-06
6770,2026-08-07
6770,2026-08-10
6770,2026-08-11
6770,2026-08-12
6770,2026-08-13
6805,2026-08-17
6829,2026-07-01
6829,2026-07-02
6829,2026-07-03
6829,2026-07-06
6829,2026-07-07
6829,2026-07-08
6829,2026-07-09
6829,2026-07-13
6829,2026-08-04
6829,2026-08-05
6829,2026-08-06
6829,2026-08-07
6829,2026-08-10
6829,2026-08-11
6829,2026-08-12
6829,2026-08-13
6829,2026-08-14
6831,2026-08-12
6834,2026-07-30
6834,2026-07-31
6834,2026-08-03
6834,2026-08-04
6834,2026-08-05
6834,2026-08-06
6834,2026-08-07
6834,2026-08-10
6863,2026-08-04
6869,2026-08-06
6869,2026-08-07
6869,2026-08-10
6869,2026-08-11
6869,2026-08-12
6869,2026-08-13
6869,2026-08-14
6869,2026-08-17
6869,2026-08-18
6907,2026-07-01
6907,2026-07-02
6907,2026-07-03
6907,2026-07-06
6907,2026-07-07
6907,2026-07-08
6907,2026-07-09
6907,2026-07-13
6907,2026-08-06
6907,2026-08-07
6907,2026-08-10
6907,2026-08-11
6907,2026-08-12
6907,2026-08-13
6907,2026-08-14
6907,2026-08-17
6907,2026-08-18
6919,2026-06-25
6919,2026-06-26
6919,2026-06-29
6919,2026-06-30
6919,2026-07-01
6919,2026-07-02
6919,2026-07-03
6919,2026-07-06
6933,2026-08-10
6933,2026-08-11
6933,2026-08-12
6933,2026-08-13
6933,2026-08-14
6933,2026-08-17
6933,2026-08-18
6969,2026-07-14
6969,2026-07-15
6969,2026-07-16
6969,2026-07-17
6969,2026-07-20
6969,2026-07-21
6969,2026-07-22
6969,2026-07-23
7711,2026-08-11
7711,2026-08-12
7711,2026-08-13
7711,2026-08-14
7711,2026-08-17
7711,2026-08-18
7714,2026-08-04
7714,2026-08-06
7714,2026-08-07
7722,2026-07-28
7722,2026-07-29
7722,2026-07-30
7722,2026-07-31
7722,2026-08-03
7722,2026-08-04
7722,2026-08-05
7722,2026-08-06
7751,2026-07-15
7751,2026-07-16
7751,2026-07-17
7751,2026-07-20
7751,2026-07-21
7751,2026-07-22
7751,2026-07-23
7751,2026-07-24
7768,2026-08-07
7768,2026-08-10
7768,2026-08-11
7768,2026-08-12
7768,2026-08-13
7768,2026-08-14
7768,2026-08-17
7768,2026-08-18
7769,2026-06-29
7769,2026-06-30
7769,2026-07-01
7769,2026-07-02
7769,2026-07-03
7769,2026-07-06
7769,2026-07-07
7769,2026-07-08
7777,2026-08-04
7788,2026-05-27
7788,2026-05-28
7788,2026-05-29
7788,2026-06-01
7788,2026-06-02
7788,2026-06-03
7788,2026-06-04
7788,2026-06-05
7788,2026-06-08
7788,2026-06-09
7788,2026-08-10
7788,2026-08-18
7792,2026-08-07
7792,2026-08-10
7792,2026-08-11
7792,2026-08-12
7792,2026-08-13
7792,2026-08-14
7792,2026-08-17
7792,2026-08-18
7795,2026-06-15
7795,2026-06-16
7795,2026-06-17
7795,2026-06-18
7795,2026-06-22
7795,2026-06-23
7795,2026-06-24
7795,2026-06-25
7795,2026-08-03
7795,2026-08-04
7795,2026-08-05
7795,2026-08-06
7795,2026-08-07
7795,2026-08-10
7795,2026-08-11
7795,2026-08-12
7795,2026-08-13
7795,2026-08-18
7842,2026-08-06
7842,2026-08-07
7842,2026-08-10
7842,2026-08-11
7842,2026-08-12
7842,2026-08-13
7842,2026-08-14
7842,2026-08-17
7842,2026-08-18
8021,2026-05-29
8021,2026-06-01
8021,2026-06-02
8021,2026-06-03
8021,2026-06-04
8021,2026-06-05
8021,2026-06-08
8021,2026-06-09
8028,2026-07-03
8028,2026-07-06
8028,2026-07-07
8028,2026-07-08
8028,2026-07-09
8028,2026-07-13
8028,2026-07-14
8028,2026-07-15
8033,2026-06-16
8033,2026-06-17
8033,2026-06-18
8033,2026-06-22
8033,2026-06-23
8033,2026-06-24
8033,2026-06-25
8033,2026-06-26
8033,2026-06-29
8033,2026-06-30
8033,2026-07-30
8033,2026-07-31
8033,2026-08-03
8033,2026-08-04
8033,2026-08-05
8033,2026-08-06
8033,2026-08-07
8033,2026-08-10
8033,2026-08-11
8033,2026-08-12
8033,2026-08-13
8033,2026-08-14
8039,2026-07-01
8039,2026-07-02
8039,2026-07-03
8039,2026-07-06
8039,2026-07-07
8039,2026-07-08
8039,2026-07-09
8039,2026-07-13
8039,2026-07-14
8039,2026-07-15
8039,2026-07-16
8039,2026-07-17
8039,2026-07-20
8039,2026-07-21
8039,2026-07-22
8039,2026-07-28
8039,2026-07-29
8039,2026-07-30
8039,2026-07-31
8039,2026-08-03
8039,2026-08-04
8039,2026-08-05
8039,2026-08-06
8039,2026-08-07
8039,2026-08-10
8039,2026-08-11
8039,2026-08-12
8039,2026-08-13
8039,2026-08-14
8039,2026-08-17
8039,2026-08-18
8042,2026-08-07
8042,2026-08-10
8042,2026-08-11
8042,2026-08-12
8042,2026-08-13
8042,2026-08-14
8042,2026-08-17
8042,2026-08-18
8043,2026-05-26
8043,2026-05-27
8043,2026-05-28
8043,2026-05-29
8043,2026-06-01
8043,2026-06-02
8043,2026-06-03
8043,2026-06-04
8043,2026-06-05
8043,2026-06-18
8043,2026-06-22
8043,2026-06-23
8043,2026-06-24
8043,2026-06-25
8043,2026-06-26
8043,2026-06-29
8043,2026-06-30
8043,2026-07-30
8043,2026-07-31
8043,2026-08-03
8043,2026-08-04
8043,2026-08-05
8043,2026-08-06
8043,2026-08-07
8043,2026-08-10
8043,2026-08-11
8046,2026-05-28
8046,2026-05-29
8046,2026-06-01
8046,2026-06-02
8046,2026-06-03
8046,2026-06-04
8046,2026-06-05
8046,2026-06-08
8046,2026-06-12
8046,2026-06-15
8046,2026-06-16
8046,2026-06-17
8046,2026-06-18
8046,2026-06-22
8046,2026-06-23
8046,2026-06-24
8046,2026-06-29
8046,2026-06-30
8046,2026-07-01
8046,2026-07-02
8046,2026-07-03
8046,2026-07-06
8046,2026-07-07
8046,2026-07-08
8046,2026-07-09
8046,2026-07-13
8046,2026-07-14
8046,2026-07-15
8046,2026-07-16
8046,2026-07-17
8046,2026-07-20
8046,2026-07-21
8046,2026-07-31
8046,2026-08-03
8046,2026-08-04
8046,2026-08-05
8046,2026-08-06
8046,2026-08-07
8046,2026-08-10
8046,2026-08-11
8046,2026-08-12
8046,2026-08-13
8046,2026-08-14
8046,2026-08-17
8046,2026-08-18
8050,2026-07-28
8050,2026-07-29
8050,2026-07-30
8050,2026-07-31
8050,2026-08-03
8050,2026-08-04
8050,2026-08-05
8050,2026-08-06
8050,2026-08-07
8054,2026-06-11
8054,2026-06-12
8054,2026-06-15
8054,2026-06-16
8054,2026-06-17
8054,2026-06-18
8054,2026-06-22
8054,2026-06-23
8069,2026-06-16
8069,2026-06-17
8069,2026-06-18
8069,2026-06-22
8069,2026-06-23
8069,2026-06-24
8069,2026-06-25
8069,2026-06-26
8070,2026-08-06
8070,2026-08-07
8070,2026-08-10
8070,2026-08-11
8070,2026-08-12
8070,2026-08-13
8070,2026-08-14
8070,2026-08-17
8070,2026-08-18
8085,2026-08-06
8085,2026-08-07
8085,2026-08-10
8085,2026-08-11
8085,2026-08-12
8085,2026-08-13
8085,2026-08-14
8085,2026-08-17
8085,2026-08-18
8110,2026-06-12
8110,2026-06-15
8110,2026-06-16
8110,2026-06-17
8110,2026-06-18
8110,2026-06-22
8110,2026-06-23
8110,2026-06-24
8111,2026-07-13
8111,2026-07-14
8111,2026-07-15
8111,2026-07-16
8111,2026-07-17
8111,2026-07-20
8111,2026-07-21
8111,2026-07-22
8111,2026-08-04
8112,2026-08-04
8112,2026-08-06
8112,2026-08-07
8112,2026-08-10
8112,2026-08-11
8150,2026-06-01
8150,2026-06-02
8150,2026-06-03
8150,2026-06-04
8150,2026-06-05
8150,2026-06-08
8150,2026-06-09
8150,2026-06-10
8150,2026-06-11
8150,2026-06-12
8150,2026-06-15
8150,2026-06-16
8150,2026-06-17
8150,2026-06-24
8150,2026-06-25
8150,2026-06-26
8150,2026-06-29
8150,2026-06-30
8150,2026-07-01
8150,2026-07-02
8150,2026-07-03
8150,2026-07-06
8150,2026-07-07
8150,2026-07-08
8150,2026-07-09
8150,2026-07-13
8150,2026-07-14
8150,2026-08-06
8150,2026-08-07
8150,2026-08-10
8150,2026-08-11
8150,2026-08-12
8182,2026-06-15
8182,2026-06-16
8182,2026-06-17
8182,2026-06-18
8182,2026-06-22
8182,2026-06-23
8182,2026-06-24
8182,2026-06-25
8261,2026-06-10
8261,2026-06-11
8261,2026-06-12
8261,2026-06-15
8261,2026-06-16
8261,2026-06-17
8261,2026-06-18
8261,2026-06-22
8261,2026-08-03
8261,2026-08-04
8261,2026-08-05
8261,2026-08-06
8261,2026-08-07
8261,2026-08-10
8261,2026-08-11
8261,2026-08-12
8261,2026-08-13
8261,2026-08-14
8261,2026-08-17
8261,2026-08-18
8358,2026-07-30
8358,2026-07-31
8358,2026-08-03
8358,2026-08-04
8358,2026-08-05
8358,2026-08-06
8358,2026-08-07
8358,2026-08-10
8358,2026-08-11
8358,2026-08-12
8358,2026-08-13
8358,2026-08-14
8358,2026-08-17
8374,2026-08-11
8383,2026-08-04
8383,2026-08-06
8383,2026-08-07
8454,2026-05-25
8454,2026-05-26
8454,2026-05-27
8454,2026-05-28
8454,2026-05-29
8454,2026-06-01
8454,2026-06-02
8454,2026-06-03
8454,2026-06-04
8454,2026-06-05
8454,2026-07-28
8454,2026-07-29
8454,2026-07-30
8454,2026-07-31
8454,2026-08-03
8454,2026-08-04
8454,2026-08-05
8454,2026-08-06
8937,2026-08-07
8937,2026-08-10
8937,2026-08-11
8937,2026-08-12
8937,2026-08-13
8937,2026-08-14
8937,2026-08-17
8937,2026-08-18
8996,2026-06-04
8996,2026-06-05
8996,2026-06-08
8996,2026-06-09
8996,2026-06-10
8996,2026-06-11
8996,2026-06-12
8996,2026-06-15
8996,2026-06-16
8996,2026-08-03
8996,2026-08-04
8996,2026-08-05
8996,2026-08-06
8996,2026-08-07
8996,2026-08-10
8996,2026-08-11
8996,2026-08-12
8996,2026-08-13
8996,2026-08-18
9904,2026-08-06
9904,2026-08-07
9904,2026-08-10
9904,2026-08-11
9904,2026-08-12
9904,2026-08-13
9904,2026-08-14
9904,2026-08-17
9904,2026-08-18
9914,2026-07-03
9914,2026-07-06
9914,2026-07-07
9914,2026-07-08
9914,2026-07-09
9914,2026-07-13
9914,2026-07-14
9914,2026-07-15
9914,2026-07-30
9914,2026-07-31
9914,2026-08-03
9914,2026-08-04
9914,2026-08-05
9914,2026-08-06
9914,2026-08-07
9914,2026-08-10
9914,2026-08-11
9914,2026-08-12
9914,2026-08-13
9914,2026-08-14
9914,2026-08-17
9914,2026-08-18
9921,2026-08-10
9945,2026-08-04
9945,2026-08-05
9945,2026-08-06
9945,2026-08-07
9945,2026-08-10
9945,2026-08-11
9945,2026-08-12
9945,2026-08-13
9945,2026-08-14
